{"Fitness": {"perc_fit_traces": 100.0, "average_trace_fitness": 1.0, "log_fitness": 1.0, "percentage_of_fitting_traces": 100.0}, "Precision": 0.2535513081947949, "Generalization": 0.5824224671244784, "Simplicity": 0.5172413793103449}