{"Fitness": {"perc_fit_traces": 100.0, "average_trace_fitness": 1.0, "log_fitness": 1.0, "percentage_of_fitting_traces": 100.0}, "Precision": 0.1900665854859186, "Generalization": 0.7176376711304667, "Simplicity": 0.6541353383458647}